Roles,Name,Email,Contact Number,Hobbies,Gender,Address,City
Admin,User 1,user1@example.com,123-456-0001,Sports,Female,1 Main St,City 2
Editor,User 2,user2@example.com,123-456-0002,Reading,Male,2 Main St,City 3
User,User 3,user3@example.com,123-456-0003,Reading,Female,3 Main St,City 4
User,User 4,user4@example.com,123-456-0004,Music,Male,4 Main St,City 5
Editor,User 5,user5@example.com,123-456-0005,Reading,Female,5 Main St,City 6
User,User 6,user6@example.com,123-456-0006,Music,Male,6 Main St,City 7
Manager,User 7,user7@example.com,123-456-0007,Music,Female,7 Main St,City 8
Editor,User 8,user8@example.com,123-456-0008,Music,Male,8 Main St,City 9
Editor,User 9,user9@example.com,123-456-0009,Music,Female,9 Main St,City 10
Manager,User 10,user10@example.com,123-456-0010,Music,Male,10 Main St,City 1
Admin,User 11,user11@example.com,123-456-0011,Reading,Female,11 Main St,City 2
Editor,User 12,user12@example.com,123-456-0012,Music,Male,12 Main St,City 3
Manager,User 13,user13@example.com,123-456-0013,Reading,Female,13 Main St,City 4
Editor,User 14,user14@example.com,123-456-0014,Reading,Male,14 Main St,City 5
User,User 15,user15@example.com,123-456-0015,Music,Female,15 Main St,City 6
User,User 16,user16@example.com,123-456-0016,Music,Male,16 Main St,City 7
Editor,User 17,user17@example.com,123-456-0017,Sports,Female,17 Main St,City 8
User,User 18,user18@example.com,123-456-0018,Sports,Male,18 Main St,City 9
Editor,User 19,user19@example.com,123-456-0019,Music,Female,19 Main St,City 10
Manager,User 20,user20@example.com,123-456-0020,Sports,Male,20 Main St,City 1
User,User 21,user21@example.com,123-456-0021,Sports,Female,21 Main St,City 2
Editor,User 22,user22@example.com,123-456-0022,Reading,Male,22 Main St,City 3
Manager,User 23,user23@example.com,123-456-0023,Reading,Female,23 Main St,City 4
Editor,User 24,user24@example.com,123-456-0024,Sports,Male,24 Main St,City 5
Admin,User 25,user25@example.com,123-456-0025,Music,Female,25 Main St,City 6
Manager,User 26,user26@example.com,123-456-0026,Sports,Male,26 Main St,City 7
Editor,User 27,user27@example.com,123-456-0027,Sports,Female,27 Main St,City 8
Manager,User 28,user28@example.com,123-456-0028,Music,Male,28 Main St,City 9
Admin,User 29,user29@example.com,123-456-0029,Reading,Female,29 Main St,City 10
Admin,User 30,user30@example.com,123-456-0030,Sports,Male,30 Main St,City 1
Manager,User 31,user31@example.com,123-456-0031,Reading,Female,31 Main St,City 2
User,User 32,user32@example.com,123-456-0032,Sports,Male,32 Main St,City 3
Manager,User 33,user33@example.com,123-456-0033,Music,Female,33 Main St,City 4
Manager,User 34,user34@example.com,123-456-0034,Reading,Male,34 Main St,City 5
Editor,User 35,user35@example.com,123-456-0035,Music,Female,35 Main St,City 6
Editor,User 36,user36@example.com,123-456-0036,Sports,Male,36 Main St,City 7
User,User 37,user37@example.com,123-456-0037,Music,Female,37 Main St,City 8
User,User 38,user38@example.com,123-456-0038,Reading,Male,38 Main St,City 9
Manager,User 39,user39@example.com,123-456-0039,Reading,Female,39 Main St,City 10
Manager,User 40,user40@example.com,123-456-0040,Reading,Male,40 Main St,City 1
User,User 41,user41@example.com,123-456-0041,Music,Female,41 Main St,City 2
Manager,User 42,user42@example.com,123-456-0042,Sports,Male,42 Main St,City 3
Manager,User 43,user43@example.com,123-456-0043,Sports,Female,43 Main St,City 4
Manager,User 44,user44@example.com,123-456-0044,Sports,Male,44 Main St,City 5
Manager,User 45,user45@example.com,123-456-0045,Music,Female,45 Main St,City 6
Editor,User 46,user46@example.com,123-456-0046,Sports,Male,46 Main St,City 7
Manager,User 47,user47@example.com,123-456-0047,Reading,Female,47 Main St,City 8
Manager,User 48,user48@example.com,123-456-0048,Reading,Male,48 Main St,City 9
Manager,User 49,user49@example.com,123-456-0049,Sports,Female,49 Main St,City 10
Editor,User 50,user50@example.com,123-456-0050,Sports,Male,50 Main St,City 1
Editor,User 51,user51@example.com,123-456-0051,Sports,Female,51 Main St,City 2
Manager,User 52,user52@example.com,123-456-0052,Music,Male,52 Main St,City 3
Admin,User 53,user53@example.com,123-456-0053,Music,Female,53 Main St,City 4
User,User 54,user54@example.com,123-456-0054,Music,Male,54 Main St,City 5
Editor,User 55,user55@example.com,123-456-0055,Music,Female,55 Main St,City 6
Admin,User 56,user56@example.com,123-456-0056,Reading,Male,56 Main St,City 7
Editor,User 57,user57@example.com,123-456-0057,Sports,Female,57 Main St,City 8
User,User 58,user58@example.com,123-456-0058,Music,Male,58 Main St,City 9
Manager,User 59,user59@example.com,123-456-0059,Sports,Female,59 Main St,City 10
User,User 60,user60@example.com,123-456-0060,Sports,Male,60 Main St,City 1
User,User 61,user61@example.com,123-456-0061,Sports,Female,61 Main St,City 2
Editor,User 62,user62@example.com,123-456-0062,Reading,Male,62 Main St,City 3
Manager,User 63,user63@example.com,123-456-0063,Reading,Female,63 Main St,City 4
User,User 64,user64@example.com,123-456-0064,Music,Male,64 Main St,City 5
Manager,User 65,user65@example.com,123-456-0065,Music,Female,65 Main St,City 6
Editor,User 66,user66@example.com,123-456-0066,Sports,Male,66 Main St,City 7
Admin,User 67,user67@example.com,123-456-0067,Reading,Female,67 Main St,City 8
User,User 68,user68@example.com,123-456-0068,Music,Male,68 Main St,City 9
User,User 69,user69@example.com,123-456-0069,Music,Female,69 Main St,City 10
Admin,User 70,user70@example.com,123-456-0070,Music,Male,70 Main St,City 1
Editor,User 71,user71@example.com,123-456-0071,Reading,Female,71 Main St,City 2
User,User 72,user72@example.com,123-456-0072,Sports,Male,72 Main St,City 3
Admin,User 73,user73@example.com,123-456-0073,Sports,Female,73 Main St,City 4
Editor,User 74,user74@example.com,123-456-0074,Sports,Male,74 Main St,City 5
Manager,User 75,user75@example.com,123-456-0075,Music,Female,75 Main St,City 6
Manager,User 76,user76@example.com,123-456-0076,Reading,Male,76 Main St,City 7
Editor,User 77,user77@example.com,123-456-0077,Sports,Female,77 Main St,City 8
Manager,User 78,user78@example.com,123-456-0078,Music,Male,78 Main St,City 9
Editor,User 79,user79@example.com,123-456-0079,Sports,Female,79 Main St,City 10
Editor,User 80,user80@example.com,123-456-0080,Reading,Male,80 Main St,City 1
User,User 81,user81@example.com,123-456-0081,Reading,Female,81 Main St,City 2
Manager,User 82,user82@example.com,123-456-0082,Music,Male,82 Main St,City 3
Admin,User 83,user83@example.com,123-456-0083,Reading,Female,83 Main St,City 4
User,User 84,user84@example.com,123-456-0084,Reading,Male,84 Main St,City 5
User,User 85,user85@example.com,123-456-0085,Reading,Female,85 Main St,City 6
User,User 86,user86@example.com,123-456-0086,Reading,Male,86 Main St,City 7
Admin,User 87,user87@example.com,123-456-0087,Music,Female,87 Main St,City 8
Manager,User 88,user88@example.com,123-456-0088,Sports,Male,88 Main St,City 9
Manager,User 89,user89@example.com,123-456-0089,Sports,Female,89 Main St,City 10
User,User 90,user90@example.com,123-456-0090,Reading,Male,90 Main St,City 1
Admin,User 91,user91@example.com,123-456-0091,Music,Female,91 Main St,City 2
Manager,User 92,user92@example.com,123-456-0092,Reading,Male,92 Main St,City 3
Editor,User 93,user93@example.com,123-456-0093,Sports,Female,93 Main St,City 4
Manager,User 94,user94@example.com,123-456-0094,Music,Male,94 Main St,City 5
Admin,User 95,user95@example.com,123-456-0095,Reading,Female,95 Main St,City 6
Editor,User 96,user96@example.com,123-456-0096,Music,Male,96 Main St,City 7
User,User 97,user97@example.com,123-456-0097,Reading,Female,97 Main St,City 8
User,User 98,user98@example.com,123-456-0098,Music,Male,98 Main St,City 9
Manager,User 99,user99@example.com,123-456-0099,Sports,Female,99 Main St,City 10
Manager,User 100,user100@example.com,123-456-0100,Reading,Male,100 Main St,City 1
Editor,User 101,user101@example.com,123-456-0101,Music,Female,101 Main St,City 2
User,User 102,user102@example.com,123-456-0102,Music,Male,102 Main St,City 3
Manager,User 103,user103@example.com,123-456-0103,Reading,Female,103 Main St,City 4
User,User 104,user104@example.com,123-456-0104,Reading,Male,104 Main St,City 5
Admin,User 105,user105@example.com,123-456-0105,Reading,Female,105 Main St,City 6
Admin,User 106,user106@example.com,123-456-0106,Sports,Male,106 Main St,City 7
User,User 107,user107@example.com,123-456-0107,Music,Female,107 Main St,City 8
Admin,User 108,user108@example.com,123-456-0108,Music,Male,108 Main St,City 9
Admin,User 109,user109@example.com,123-456-0109,Reading,Female,109 Main St,City 10
User,User 110,user110@example.com,123-456-0110,Sports,Male,110 Main St,City 1
Manager,User 111,user111@example.com,123-456-0111,Sports,Female,111 Main St,City 2
Editor,User 112,user112@example.com,123-456-0112,Music,Male,112 Main St,City 3
Admin,User 113,user113@example.com,123-456-0113,Sports,Female,113 Main St,City 4
Manager,User 114,user114@example.com,123-456-0114,Reading,Male,114 Main St,City 5
User,User 115,user115@example.com,123-456-0115,Reading,Female,115 Main St,City 6
Editor,User 116,user116@example.com,123-456-0116,Sports,Male,116 Main St,City 7
Admin,User 117,user117@example.com,123-456-0117,Sports,Female,117 Main St,City 8
Editor,User 118,user118@example.com,123-456-0118,Reading,Male,118 Main St,City 9
Manager,User 119,user119@example.com,123-456-0119,Sports,Female,119 Main St,City 10
Editor,User 120,user120@example.com,123-456-0120,Reading,Male,120 Main St,City 1
Manager,User 121,user121@example.com,123-456-0121,Sports,Female,121 Main St,City 2
Editor,User 122,user122@example.com,123-456-0122,Reading,Male,122 Main St,City 3
Manager,User 123,user123@example.com,123-456-0123,Sports,Female,123 Main St,City 4
Manager,User 124,user124@example.com,123-456-0124,Music,Male,124 Main St,City 5
Manager,User 125,user125@example.com,123-456-0125,Reading,Female,125 Main St,City 6
User,User 126,user126@example.com,123-456-0126,Music,Male,126 Main St,City 7
Editor,User 127,user127@example.com,123-456-0127,Sports,Female,127 Main St,City 8
Manager,User 128,user128@example.com,123-456-0128,Reading,Male,128 Main St,City 9
User,User 129,user129@example.com,123-456-0129,Reading,Female,129 Main St,City 10
User,User 130,user130@example.com,123-456-0130,Reading,Male,130 Main St,City 1
Editor,User 131,user131@example.com,123-456-0131,Music,Female,131 Main St,City 2
Admin,User 132,user132@example.com,123-456-0132,Music,Male,132 Main St,City 3
Admin,User 133,user133@example.com,123-456-0133,Reading,Female,133 Main St,City 4
Admin,User 134,user134@example.com,123-456-0134,Reading,Male,134 Main St,City 5
Admin,User 135,user135@example.com,123-456-0135,Sports,Female,135 Main St,City 6
Admin,User 136,user136@example.com,123-456-0136,Music,Male,136 Main St,City 7
Manager,User 137,user137@example.com,123-456-0137,Reading,Female,137 Main St,City 8
Editor,User 138,user138@example.com,123-456-0138,Music,Male,138 Main St,City 9
Editor,User 139,user139@example.com,123-456-0139,Sports,Female,139 Main St,City 10
Admin,User 140,user140@example.com,123-456-0140,Sports,Male,140 Main St,City 1
Admin,User 141,user141@example.com,123-456-0141,Sports,Female,141 Main St,City 2
User,User 142,user142@example.com,123-456-0142,Reading,Male,142 Main St,City 3
User,User 143,user143@example.com,123-456-0143,Music,Female,143 Main St,City 4
Editor,User 144,user144@example.com,123-456-0144,Sports,Male,144 Main St,City 5
Editor,User 145,user145@example.com,123-456-0145,Sports,Female,145 Main St,City 6
Manager,User 146,user146@example.com,123-456-0146,Music,Male,146 Main St,City 7
User,User 147,user147@example.com,123-456-0147,Reading,Female,147 Main St,City 8
Admin,User 148,user148@example.com,123-456-0148,Reading,Male,148 Main St,City 9
Admin,User 149,user149@example.com,123-456-0149,Reading,Female,149 Main St,City 10
User,User 150,user150@example.com,123-456-0150,Music,Male,150 Main St,City 1
Admin,User 151,user151@example.com,123-456-0151,Sports,Female,151 Main St,City 2
Manager,User 152,user152@example.com,123-456-0152,Sports,Male,152 Main St,City 3
User,User 153,user153@example.com,123-456-0153,Sports,Female,153 Main St,City 4
User,User 154,user154@example.com,123-456-0154,Sports,Male,154 Main St,City 5
Manager,User 155,user155@example.com,123-456-0155,Reading,Female,155 Main St,City 6
User,User 156,user156@example.com,123-456-0156,Sports,Male,156 Main St,City 7
Admin,User 157,user157@example.com,123-456-0157,Reading,Female,157 Main St,City 8
Editor,User 158,user158@example.com,123-456-0158,Sports,Male,158 Main St,City 9
User,User 159,user159@example.com,123-456-0159,Music,Female,159 Main St,City 10
Manager,User 160,user160@example.com,123-456-0160,Music,Male,160 Main St,City 1
User,User 161,user161@example.com,123-456-0161,Music,Female,161 Main St,City 2
User,User 162,user162@example.com,123-456-0162,Reading,Male,162 Main St,City 3
Manager,User 163,user163@example.com,123-456-0163,Music,Female,163 Main St,City 4
Editor,User 164,user164@example.com,123-456-0164,Reading,Male,164 Main St,City 5
Manager,User 165,user165@example.com,123-456-0165,Sports,Female,165 Main St,City 6
Editor,User 166,user166@example.com,123-456-0166,Reading,Male,166 Main St,City 7
Admin,User 167,user167@example.com,123-456-0167,Sports,Female,167 Main St,City 8
Editor,User 168,user168@example.com,123-456-0168,Reading,Male,168 Main St,City 9
Admin,User 169,user169@example.com,123-456-0169,Sports,Female,169 Main St,City 10
Admin,User 170,user170@example.com,123-456-0170,Reading,Male,170 Main St,City 1
User,User 171,user171@example.com,123-456-0171,Sports,Female,171 Main St,City 2
Editor,User 172,user172@example.com,123-456-0172,Reading,Male,172 Main St,City 3
Admin,User 173,user173@example.com,123-456-0173,Sports,Female,173 Main St,City 4
User,User 174,user174@example.com,123-456-0174,Sports,Male,174 Main St,City 5
Manager,User 175,user175@example.com,123-456-0175,Reading,Female,175 Main St,City 6
Manager,User 176,user176@example.com,123-456-0176,Sports,Male,176 Main St,City 7
Manager,User 177,user177@example.com,123-456-0177,Music,Female,177 Main St,City 8
Manager,User 178,user178@example.com,123-456-0178,Sports,Male,178 Main St,City 9
User,User 179,user179@example.com,123-456-0179,Sports,Female,179 Main St,City 10
Admin,User 180,user180@example.com,123-456-0180,Music,Male,180 Main St,City 1
Admin,User 181,user181@example.com,123-456-0181,Sports,Female,181 Main St,City 2
Editor,User 182,user182@example.com,123-456-0182,Music,Male,182 Main St,City 3
Manager,User 183,user183@example.com,123-456-0183,Reading,Female,183 Main St,City 4
Manager,User 184,user184@example.com,123-456-0184,Sports,Male,184 Main St,City 5
Manager,User 185,user185@example.com,123-456-0185,Sports,Female,185 Main St,City 6
Manager,User 186,user186@example.com,123-456-0186,Sports,Male,186 Main St,City 7
Manager,User 187,user187@example.com,123-456-0187,Music,Female,187 Main St,City 8
Manager,User 188,user188@example.com,123-456-0188,Music,Male,188 Main St,City 9
Manager,User 189,user189@example.com,123-456-0189,Sports,Female,189 Main St,City 10
Editor,User 190,user190@example.com,123-456-0190,Music,Male,190 Main St,City 1
Admin,User 191,user191@example.com,123-456-0191,Sports,Female,191 Main St,City 2
Manager,User 192,user192@example.com,123-456-0192,Sports,Male,192 Main St,City 3
Admin,User 193,user193@example.com,123-456-0193,Music,Female,193 Main St,City 4
Manager,User 194,user194@example.com,123-456-0194,Sports,Male,194 Main St,City 5
Manager,User 195,user195@example.com,123-456-0195,Sports,Female,195 Main St,City 6
Editor,User 196,user196@example.com,123-456-0196,Sports,Male,196 Main St,City 7
Manager,User 197,user197@example.com,123-456-0197,Sports,Female,197 Main St,City 8
User,User 198,user198@example.com,123-456-0198,Sports,Male,198 Main St,City 9
User,User 199,user199@example.com,123-456-0199,Sports,Female,199 Main St,City 10
User,User 200,user200@example.com,123-456-0200,Reading,Male,200 Main St,City 1
Editor,User 201,user201@example.com,123-456-0201,Music,Female,201 Main St,City 2
Admin,User 202,user202@example.com,123-456-0202,Music,Male,202 Main St,City 3
Manager,User 203,user203@example.com,123-456-0203,Sports,Female,203 Main St,City 4
User,User 204,user204@example.com,123-456-0204,Reading,Male,204 Main St,City 5
Editor,User 205,user205@example.com,123-456-0205,Music,Female,205 Main St,City 6
User,User 206,user206@example.com,123-456-0206,Sports,Male,206 Main St,City 7
Manager,User 207,user207@example.com,123-456-0207,Sports,Female,207 Main St,City 8
User,User 208,user208@example.com,123-456-0208,Reading,Male,208 Main St,City 9
User,User 209,user209@example.com,123-456-0209,Reading,Female,209 Main St,City 10
Editor,User 210,user210@example.com,123-456-0210,Sports,Male,210 Main St,City 1
Admin,User 211,user211@example.com,123-456-0211,Reading,Female,211 Main St,City 2
Editor,User 212,user212@example.com,123-456-0212,Sports,Male,212 Main St,City 3
User,User 213,user213@example.com,123-456-0213,Reading,Female,213 Main St,City 4
Manager,User 214,user214@example.com,123-456-0214,Reading,Male,214 Main St,City 5
User,User 215,user215@example.com,123-456-0215,Music,Female,215 Main St,City 6
Manager,User 216,user216@example.com,123-456-0216,Sports,Male,216 Main St,City 7
Editor,User 217,user217@example.com,123-456-0217,Sports,Female,217 Main St,City 8
User,User 218,user218@example.com,123-456-0218,Reading,Male,218 Main St,City 9
Editor,User 219,user219@example.com,123-456-0219,Reading,Female,219 Main St,City 10
Editor,User 220,user220@example.com,123-456-0220,Music,Male,220 Main St,City 1
Manager,User 221,user221@example.com,123-456-0221,Music,Female,221 Main St,City 2
Manager,User 222,user222@example.com,123-456-0222,Reading,Male,222 Main St,City 3
Admin,User 223,user223@example.com,123-456-0223,Sports,Female,223 Main St,City 4
Manager,User 224,user224@example.com,123-456-0224,Music,Male,224 Main St,City 5
User,User 225,user225@example.com,123-456-0225,Reading,Female,225 Main St,City 6
Editor,User 226,user226@example.com,123-456-0226,Music,Male,226 Main St,City 7
User,User 227,user227@example.com,123-456-0227,Sports,Female,227 Main St,City 8
User,User 228,user228@example.com,123-456-0228,Sports,Male,228 Main St,City 9
Editor,User 229,user229@example.com,123-456-0229,Sports,Female,229 Main St,City 10
Manager,User 230,user230@example.com,123-456-0230,Reading,Male,230 Main St,City 1
Admin,User 231,user231@example.com,123-456-0231,Music,Female,231 Main St,City 2
Manager,User 232,user232@example.com,123-456-0232,Music,Male,232 Main St,City 3
User,User 233,user233@example.com,123-456-0233,Reading,Female,233 Main St,City 4
User,User 234,user234@example.com,123-456-0234,Music,Male,234 Main St,City 5
User,User 235,user235@example.com,123-456-0235,Music,Female,235 Main St,City 6
User,User 236,user236@example.com,123-456-0236,Sports,Male,236 Main St,City 7
User,User 237,user237@example.com,123-456-0237,Reading,Female,237 Main St,City 8
User,User 238,user238@example.com,123-456-0238,Music,Male,238 Main St,City 9
User,User 239,user239@example.com,123-456-0239,Music,Female,239 Main St,City 10
Admin,User 240,user240@example.com,123-456-0240,Music,Male,240 Main St,City 1
Manager,User 241,user241@example.com,123-456-0241,Sports,Female,241 Main St,City 2
Admin,User 242,user242@example.com,123-456-0242,Music,Male,242 Main St,City 3
Manager,User 243,user243@example.com,123-456-0243,Sports,Female,243 Main St,City 4
User,User 244,user244@example.com,123-456-0244,Reading,Male,244 Main St,City 5
User,User 245,user245@example.com,123-456-0245,Reading,Female,245 Main St,City 6
User,User 246,user246@example.com,123-456-0246,Reading,Male,246 Main St,City 7
Editor,User 247,user247@example.com,123-456-0247,Reading,Female,247 Main St,City 8
Manager,User 248,user248@example.com,123-456-0248,Music,Male,248 Main St,City 9
Admin,User 249,user249@example.com,123-456-0249,Reading,Female,249 Main St,City 10
Editor,User 250,user250@example.com,123-456-0250,Music,Male,250 Main St,City 1
Admin,User 251,user251@example.com,123-456-0251,Reading,Female,251 Main St,City 2
User,User 252,user252@example.com,123-456-0252,Music,Male,252 Main St,City 3
Editor,User 253,user253@example.com,123-456-0253,Music,Female,253 Main St,City 4
Admin,User 254,user254@example.com,123-456-0254,Sports,Male,254 Main St,City 5
User,User 255,user255@example.com,123-456-0255,Music,Female,255 Main St,City 6
Admin,User 256,user256@example.com,123-456-0256,Music,Male,256 Main St,City 7
Admin,User 257,user257@example.com,123-456-0257,Sports,Female,257 Main St,City 8
Admin,User 258,user258@example.com,123-456-0258,Sports,Male,258 Main St,City 9
Editor,User 259,user259@example.com,123-456-0259,Sports,Female,259 Main St,City 10
Admin,User 260,user260@example.com,123-456-0260,Sports,Male,260 Main St,City 1
User,User 261,user261@example.com,123-456-0261,Music,Female,261 Main St,City 2
Manager,User 262,user262@example.com,123-456-0262,Music,Male,262 Main St,City 3
Admin,User 263,user263@example.com,123-456-0263,Reading,Female,263 Main St,City 4
Admin,User 264,user264@example.com,123-456-0264,Music,Male,264 Main St,City 5
Editor,User 265,user265@example.com,123-456-0265,Reading,Female,265 Main St,City 6
Admin,User 266,user266@example.com,123-456-0266,Sports,Male,266 Main St,City 7
User,User 267,user267@example.com,123-456-0267,Reading,Female,267 Main St,City 8
Editor,User 268,user268@example.com,123-456-0268,Sports,Male,268 Main St,City 9
Manager,User 269,user269@example.com,123-456-0269,Reading,Female,269 Main St,City 10
Manager,User 270,user270@example.com,123-456-0270,Music,Male,270 Main St,City 1
Admin,User 271,user271@example.com,123-456-0271,Sports,Female,271 Main St,City 2
Manager,User 272,user272@example.com,123-456-0272,Music,Male,272 Main St,City 3
Manager,User 273,user273@example.com,123-456-0273,Sports,Female,273 Main St,City 4
Admin,User 274,user274@example.com,123-456-0274,Reading,Male,274 Main St,City 5
Editor,User 275,user275@example.com,123-456-0275,Music,Female,275 Main St,City 6
Editor,User 276,user276@example.com,123-456-0276,Reading,Male,276 Main St,City 7
Manager,User 277,user277@example.com,123-456-0277,Sports,Female,277 Main St,City 8
Admin,User 278,user278@example.com,123-456-0278,Music,Male,278 Main St,City 9
Editor,User 279,user279@example.com,123-456-0279,Reading,Female,279 Main St,City 10
User,User 280,user280@example.com,123-456-0280,Music,Male,280 Main St,City 1
Admin,User 281,user281@example.com,123-456-0281,Sports,Female,281 Main St,City 2
User,User 282,user282@example.com,123-456-0282,Reading,Male,282 Main St,City 3
User,User 283,user283@example.com,123-456-0283,Music,Female,283 Main St,City 4
Admin,User 284,user284@example.com,123-456-0284,Music,Male,284 Main St,City 5
Editor,User 285,user285@example.com,123-456-0285,Reading,Female,285 Main St,City 6
Editor,User 286,user286@example.com,123-456-0286,Music,Male,286 Main St,City 7
Admin,User 287,user287@example.com,123-456-0287,Reading,Female,287 Main St,City 8
Editor,User 288,user288@example.com,123-456-0288,Reading,Male,288 Main St,City 9
Manager,User 289,user289@example.com,123-456-0289,Sports,Female,289 Main St,City 10
Manager,User 290,user290@example.com,123-456-0290,Sports,Male,290 Main St,City 1
Editor,User 291,user291@example.com,123-456-0291,Music,Female,291 Main St,City 2
Manager,User 292,user292@example.com,123-456-0292,Music,Male,292 Main St,City 3
Manager,User 293,user293@example.com,123-456-0293,Reading,Female,293 Main St,City 4
Manager,User 294,user294@example.com,123-456-0294,Reading,Male,294 Main St,City 5
Manager,User 295,user295@example.com,123-456-0295,Sports,Female,295 Main St,City 6
User,User 296,user296@example.com,123-456-0296,Reading,Male,296 Main St,City 7
Manager,User 297,user297@example.com,123-456-0297,Reading,Female,297 Main St,City 8
User,User 298,user298@example.com,123-456-0298,Reading,Male,298 Main St,City 9
Admin,User 299,user299@example.com,123-456-0299,Sports,Female,299 Main St,City 10
User,User 300,user300@example.com,123-456-0300,Music,Male,300 Main St,City 1
Admin,User 301,user301@example.com,123-456-0301,Sports,Female,301 Main St,City 2
Manager,User 302,user302@example.com,123-456-0302,Reading,Male,302 Main St,City 3
User,User 303,user303@example.com,123-456-0303,Music,Female,303 Main St,City 4
Admin,User 304,user304@example.com,123-456-0304,Music,Male,304 Main St,City 5
User,User 305,user305@example.com,123-456-0305,Reading,Female,305 Main St,City 6
Manager,User 306,user306@example.com,123-456-0306,Sports,Male,306 Main St,City 7
Editor,User 307,user307@example.com,123-456-0307,Music,Female,307 Main St,City 8
User,User 308,user308@example.com,123-456-0308,Reading,Male,308 Main St,City 9
Editor,User 309,user309@example.com,123-456-0309,Music,Female,309 Main St,City 10
User,User 310,user310@example.com,123-456-0310,Reading,Male,310 Main St,City 1
User,User 311,user311@example.com,123-456-0311,Music,Female,311 Main St,City 2
User,User 312,user312@example.com,123-456-0312,Music,Male,312 Main St,City 3
Admin,User 313,user313@example.com,123-456-0313,Sports,Female,313 Main St,City 4
User,User 314,user314@example.com,123-456-0314,Sports,Male,314 Main St,City 5
Admin,User 315,user315@example.com,123-456-0315,Reading,Female,315 Main St,City 6
Editor,User 316,user316@example.com,123-456-0316,Music,Male,316 Main St,City 7
Manager,User 317,user317@example.com,123-456-0317,Reading,Female,317 Main St,City 8
Manager,User 318,user318@example.com,123-456-0318,Sports,Male,318 Main St,City 9
Editor,User 319,user319@example.com,123-456-0319,Reading,Female,319 Main St,City 10
Manager,User 320,user320@example.com,123-456-0320,Music,Male,320 Main St,City 1
Admin,User 321,user321@example.com,123-456-0321,Sports,Female,321 Main St,City 2
User,User 322,user322@example.com,123-456-0322,Sports,Male,322 Main St,City 3
Admin,User 323,user323@example.com,123-456-0323,Sports,Female,323 Main St,City 4
User,User 324,user324@example.com,123-456-0324,Sports,Male,324 Main St,City 5
Manager,User 325,user325@example.com,123-456-0325,Reading,Female,325 Main St,City 6
Admin,User 326,user326@example.com,123-456-0326,Reading,Male,326 Main St,City 7
Manager,User 327,user327@example.com,123-456-0327,Sports,Female,327 Main St,City 8
User,User 328,user328@example.com,123-456-0328,Sports,Male,328 Main St,City 9
Editor,User 329,user329@example.com,123-456-0329,Music,Female,329 Main St,City 10
Admin,User 330,user330@example.com,123-456-0330,Sports,Male,330 Main St,City 1
Editor,User 331,user331@example.com,123-456-0331,Sports,Female,331 Main St,City 2
Manager,User 332,user332@example.com,123-456-0332,Music,Male,332 Main St,City 3
User,User 333,user333@example.com,123-456-0333,Reading,Female,333 Main St,City 4
User,User 334,user334@example.com,123-456-0334,Sports,Male,334 Main St,City 5
Admin,User 335,user335@example.com,123-456-0335,Sports,Female,335 Main St,City 6
Editor,User 336,user336@example.com,123-456-0336,Music,Male,336 Main St,City 7
Editor,User 337,user337@example.com,123-456-0337,Sports,Female,337 Main St,City 8
Admin,User 338,user338@example.com,123-456-0338,Sports,Male,338 Main St,City 9
Admin,User 339,user339@example.com,123-456-0339,Music,Female,339 Main St,City 10
Admin,User 340,user340@example.com,123-456-0340,Sports,Male,340 Main St,City 1
Admin,User 341,user341@example.com,123-456-0341,Music,Female,341 Main St,City 2
Admin,User 342,user342@example.com,123-456-0342,Sports,Male,342 Main St,City 3
Manager,User 343,user343@example.com,123-456-0343,Sports,Female,343 Main St,City 4
Editor,User 344,user344@example.com,123-456-0344,Music,Male,344 Main St,City 5
User,User 345,user345@example.com,123-456-0345,Music,Female,345 Main St,City 6
Editor,User 346,user346@example.com,123-456-0346,Music,Male,346 Main St,City 7
User,User 347,user347@example.com,123-456-0347,Music,Female,347 Main St,City 8
User,User 348,user348@example.com,123-456-0348,Sports,Male,348 Main St,City 9
User,User 349,user349@example.com,123-456-0349,Reading,Female,349 Main St,City 10
Manager,User 350,user350@example.com,123-456-0350,Sports,Male,350 Main St,City 1
Manager,User 351,user351@example.com,123-456-0351,Sports,Female,351 Main St,City 2
Admin,User 352,user352@example.com,123-456-0352,Sports,Male,352 Main St,City 3
User,User 353,user353@example.com,123-456-0353,Reading,Female,353 Main St,City 4
Manager,User 354,user354@example.com,123-456-0354,Music,Male,354 Main St,City 5
User,User 355,user355@example.com,123-456-0355,Sports,Female,355 Main St,City 6
Editor,User 356,user356@example.com,123-456-0356,Sports,Male,356 Main St,City 7
User,User 357,user357@example.com,123-456-0357,Reading,Female,357 Main St,City 8
Manager,User 358,user358@example.com,123-456-0358,Reading,Male,358 Main St,City 9
Admin,User 359,user359@example.com,123-456-0359,Sports,Female,359 Main St,City 10
Admin,User 360,user360@example.com,123-456-0360,Sports,Male,360 Main St,City 1
Admin,User 361,user361@example.com,123-456-0361,Music,Female,361 Main St,City 2
Manager,User 362,user362@example.com,123-456-0362,Sports,Male,362 Main St,City 3
Admin,User 363,user363@example.com,123-456-0363,Music,Female,363 Main St,City 4
Admin,User 364,user364@example.com,123-456-0364,Music,Male,364 Main St,City 5
Editor,User 365,user365@example.com,123-456-0365,Reading,Female,365 Main St,City 6
Manager,User 366,user366@example.com,123-456-0366,Sports,Male,366 Main St,City 7
User,User 367,user367@example.com,123-456-0367,Sports,Female,367 Main St,City 8
User,User 368,user368@example.com,123-456-0368,Music,Male,368 Main St,City 9
Manager,User 369,user369@example.com,123-456-0369,Reading,Female,369 Main St,City 10
User,User 370,user370@example.com,123-456-0370,Music,Male,370 Main St,City 1
Admin,User 371,user371@example.com,123-456-0371,Sports,Female,371 Main St,City 2
Editor,User 372,user372@example.com,123-456-0372,Reading,Male,372 Main St,City 3
Manager,User 373,user373@example.com,123-456-0373,Reading,Female,373 Main St,City 4
Manager,User 374,user374@example.com,123-456-0374,Sports,Male,374 Main St,City 5
Admin,User 375,user375@example.com,123-456-0375,Reading,Female,375 Main St,City 6
Editor,User 376,user376@example.com,123-456-0376,Sports,Male,376 Main St,City 7
User,User 377,user377@example.com,123-456-0377,Reading,Female,377 Main St,City 8
Manager,User 378,user378@example.com,123-456-0378,Reading,Male,378 Main St,City 9
Editor,User 379,user379@example.com,123-456-0379,Reading,Female,379 Main St,City 10
User,User 380,user380@example.com,123-456-0380,Sports,Male,380 Main St,City 1
Manager,User 381,user381@example.com,123-456-0381,Reading,Female,381 Main St,City 2
Manager,User 382,user382@example.com,123-456-0382,Music,Male,382 Main St,City 3
User,User 383,user383@example.com,123-456-0383,Reading,Female,383 Main St,City 4
Editor,User 384,user384@example.com,123-456-0384,Sports,Male,384 Main St,City 5
Admin,User 385,user385@example.com,123-456-0385,Reading,Female,385 Main St,City 6
Admin,User 386,user386@example.com,123-456-0386,Sports,Male,386 Main St,City 7
Editor,User 387,user387@example.com,123-456-0387,Sports,Female,387 Main St,City 8
Manager,User 388,user388@example.com,123-456-0388,Reading,Male,388 Main St,City 9
Editor,User 389,user389@example.com,123-456-0389,Reading,Female,389 Main St,City 10
Manager,User 390,user390@example.com,123-456-0390,Music,Male,390 Main St,City 1
Manager,User 391,user391@example.com,123-456-0391,Sports,Female,391 Main St,City 2
Admin,User 392,user392@example.com,123-456-0392,Sports,Male,392 Main St,City 3
Manager,User 393,user393@example.com,123-456-0393,Reading,Female,393 Main St,City 4
Admin,User 394,user394@example.com,123-456-0394,Music,Male,394 Main St,City 5
Admin,User 395,user395@example.com,123-456-0395,Music,Female,395 Main St,City 6
User,User 396,user396@example.com,123-456-0396,Sports,Male,396 Main St,City 7
User,User 397,user397@example.com,123-456-0397,Reading,Female,397 Main St,City 8
Manager,User 398,user398@example.com,123-456-0398,Reading,Male,398 Main St,City 9
Admin,User 399,user399@example.com,123-456-0399,Music,Female,399 Main St,City 10
User,User 400,user400@example.com,123-456-0400,Sports,Male,400 Main St,City 1
Admin,User 401,user401@example.com,123-456-0401,Sports,Female,401 Main St,City 2
User,User 402,user402@example.com,123-456-0402,Music,Male,402 Main St,City 3
Admin,User 403,user403@example.com,123-456-0403,Sports,Female,403 Main St,City 4
Manager,User 404,user404@example.com,123-456-0404,Music,Male,404 Main St,City 5
Admin,User 405,user405@example.com,123-456-0405,Reading,Female,405 Main St,City 6
User,User 406,user406@example.com,123-456-0406,Music,Male,406 Main St,City 7
Editor,User 407,user407@example.com,123-456-0407,Reading,Female,407 Main St,City 8
Editor,User 408,user408@example.com,123-456-0408,Reading,Male,408 Main St,City 9
Editor,User 409,user409@example.com,123-456-0409,Sports,Female,409 Main St,City 10
Editor,User 410,user410@example.com,123-456-0410,Sports,Male,410 Main St,City 1
User,User 411,user411@example.com,123-456-0411,Sports,Female,411 Main St,City 2
User,User 412,user412@example.com,123-456-0412,Reading,Male,412 Main St,City 3
Manager,User 413,user413@example.com,123-456-0413,Music,Female,413 Main St,City 4
Manager,User 414,user414@example.com,123-456-0414,Sports,Male,414 Main St,City 5
Admin,User 415,user415@example.com,123-456-0415,Reading,Female,415 Main St,City 6
Editor,User 416,user416@example.com,123-456-0416,Reading,Male,416 Main St,City 7
Admin,User 417,user417@example.com,123-456-0417,Reading,Female,417 Main St,City 8
Admin,User 418,user418@example.com,123-456-0418,Music,Male,418 Main St,City 9
Editor,User 419,user419@example.com,123-456-0419,Reading,Female,419 Main St,City 10
Admin,User 420,user420@example.com,123-456-0420,Reading,Male,420 Main St,City 1
Editor,User 421,user421@example.com,123-456-0421,Sports,Female,421 Main St,City 2
User,User 422,user422@example.com,123-456-0422,Sports,Male,422 Main St,City 3
Editor,User 423,user423@example.com,123-456-0423,Reading,Female,423 Main St,City 4
Manager,User 424,user424@example.com,123-456-0424,Music,Male,424 Main St,City 5
Manager,User 425,user425@example.com,123-456-0425,Reading,Female,425 Main St,City 6
Editor,User 426,user426@example.com,123-456-0426,Music,Male,426 Main St,City 7
User,User 427,user427@example.com,123-456-0427,Reading,Female,427 Main St,City 8
Editor,User 428,user428@example.com,123-456-0428,Music,Male,428 Main St,City 9
Editor,User 429,user429@example.com,123-456-0429,Sports,Female,429 Main St,City 10
Manager,User 430,user430@example.com,123-456-0430,Reading,Male,430 Main St,City 1
Manager,User 431,user431@example.com,123-456-0431,Sports,Female,431 Main St,City 2
User,User 432,user432@example.com,123-456-0432,Reading,Male,432 Main St,City 3
Manager,User 433,user433@example.com,123-456-0433,Music,Female,433 Main St,City 4
Editor,User 434,user434@example.com,123-456-0434,Sports,Male,434 Main St,City 5
Admin,User 435,user435@example.com,123-456-0435,Reading,Female,435 Main St,City 6
Admin,User 436,user436@example.com,123-456-0436,Music,Male,436 Main St,City 7
Editor,User 437,user437@example.com,123-456-0437,Music,Female,437 Main St,City 8
Admin,User 438,user438@example.com,123-456-0438,Music,Male,438 Main St,City 9
Manager,User 439,user439@example.com,123-456-0439,Sports,Female,439 Main St,City 10
Editor,User 440,user440@example.com,123-456-0440,Music,Male,440 Main St,City 1
Admin,User 441,user441@example.com,123-456-0441,Music,Female,441 Main St,City 2
Admin,User 442,user442@example.com,123-456-0442,Music,Male,442 Main St,City 3
Admin,User 443,user443@example.com,123-456-0443,Reading,Female,443 Main St,City 4
Manager,User 444,user444@example.com,123-456-0444,Music,Male,444 Main St,City 5
Editor,User 445,user445@example.com,123-456-0445,Music,Female,445 Main St,City 6
Manager,User 446,user446@example.com,123-456-0446,Music,Male,446 Main St,City 7
Editor,User 447,user447@example.com,123-456-0447,Music,Female,447 Main St,City 8
Editor,User 448,user448@example.com,123-456-0448,Sports,Male,448 Main St,City 9
Editor,User 449,user449@example.com,123-456-0449,Music,Female,449 Main St,City 10
Manager,User 450,user450@example.com,123-456-0450,Sports,Male,450 Main St,City 1
Editor,User 451,user451@example.com,123-456-0451,Sports,Female,451 Main St,City 2
Admin,User 452,user452@example.com,123-456-0452,Sports,Male,452 Main St,City 3
Manager,User 453,user453@example.com,123-456-0453,Reading,Female,453 Main St,City 4
Manager,User 454,user454@example.com,123-456-0454,Sports,Male,454 Main St,City 5
User,User 455,user455@example.com,123-456-0455,Reading,Female,455 Main St,City 6
User,User 456,user456@example.com,123-456-0456,Music,Male,456 Main St,City 7
Admin,User 457,user457@example.com,123-456-0457,Sports,Female,457 Main St,City 8
Manager,User 458,user458@example.com,123-456-0458,Music,Male,458 Main St,City 9
User,User 459,user459@example.com,123-456-0459,Music,Female,459 Main St,City 10
Manager,User 460,user460@example.com,123-456-0460,Reading,Male,460 Main St,City 1
User,User 461,user461@example.com,123-456-0461,Sports,Female,461 Main St,City 2
Editor,User 462,user462@example.com,123-456-0462,Sports,Male,462 Main St,City 3
Editor,User 463,user463@example.com,123-456-0463,Sports,Female,463 Main St,City 4
Admin,User 464,user464@example.com,123-456-0464,Reading,Male,464 Main St,City 5
User,User 465,user465@example.com,123-456-0465,Sports,Female,465 Main St,City 6
Manager,User 466,user466@example.com,123-456-0466,Sports,Male,466 Main St,City 7
Manager,User 467,user467@example.com,123-456-0467,Reading,Female,467 Main St,City 8
Admin,User 468,user468@example.com,123-456-0468,Music,Male,468 Main St,City 9
User,User 469,user469@example.com,123-456-0469,Sports,Female,469 Main St,City 10
User,User 470,user470@example.com,123-456-0470,Music,Male,470 Main St,City 1
Manager,User 471,user471@example.com,123-456-0471,Sports,Female,471 Main St,City 2
Admin,User 472,user472@example.com,123-456-0472,Music,Male,472 Main St,City 3
Manager,User 473,user473@example.com,123-456-0473,Sports,Female,473 Main St,City 4
User,User 474,user474@example.com,123-456-0474,Sports,Male,474 Main St,City 5
Editor,User 475,user475@example.com,123-456-0475,Music,Female,475 Main St,City 6
Manager,User 476,user476@example.com,123-456-0476,Music,Male,476 Main St,City 7
User,User 477,user477@example.com,123-456-0477,Sports,Female,477 Main St,City 8
Admin,User 478,user478@example.com,123-456-0478,Sports,Male,478 Main St,City 9
User,User 479,user479@example.com,123-456-0479,Reading,Female,479 Main St,City 10
Admin,User 480,user480@example.com,123-456-0480,Reading,Male,480 Main St,City 1
User,User 481,user481@example.com,123-456-0481,Music,Female,481 Main St,City 2
Admin,User 482,user482@example.com,123-456-0482,Reading,Male,482 Main St,City 3
Editor,User 483,user483@example.com,123-456-0483,Reading,Female,483 Main St,City 4
Manager,User 484,user484@example.com,123-456-0484,Music,Male,484 Main St,City 5
User,User 485,user485@example.com,123-456-0485,Music,Female,485 Main St,City 6
Manager,User 486,user486@example.com,123-456-0486,Music,Male,486 Main St,City 7
Manager,User 487,user487@example.com,123-456-0487,Sports,Female,487 Main St,City 8
Admin,User 488,user488@example.com,123-456-0488,Reading,Male,488 Main St,City 9
Editor,User 489,user489@example.com,123-456-0489,Reading,Female,489 Main St,City 10
Manager,User 490,user490@example.com,123-456-0490,Music,Male,490 Main St,City 1
Manager,User 491,user491@example.com,123-456-0491,Sports,Female,491 Main St,City 2
User,User 492,user492@example.com,123-456-0492,Reading,Male,492 Main St,City 3
Admin,User 493,user493@example.com,123-456-0493,Sports,Female,493 Main St,City 4
Manager,User 494,user494@example.com,123-456-0494,Music,Male,494 Main St,City 5
User,User 495,user495@example.com,123-456-0495,Reading,Female,495 Main St,City 6
User,User 496,user496@example.com,123-456-0496,Reading,Male,496 Main St,City 7
Manager,User 497,user497@example.com,123-456-0497,Music,Female,497 Main St,City 8
Manager,User 498,user498@example.com,123-456-0498,Sports,Male,498 Main St,City 9
Admin,User 499,user499@example.com,123-456-0499,Music,Female,499 Main St,City 10
User,User 500,user500@example.com,123-456-0500,Music,Male,500 Main St,City 1
User,User 501,user501@example.com,123-456-0501,Sports,Female,501 Main St,City 2
User,User 502,user502@example.com,123-456-0502,Music,Male,502 Main St,City 3
Editor,User 503,user503@example.com,123-456-0503,Music,Female,503 Main St,City 4
Manager,User 504,user504@example.com,123-456-0504,Music,Male,504 Main St,City 5
Admin,User 505,user505@example.com,123-456-0505,Reading,Female,505 Main St,City 6
Admin,User 506,user506@example.com,123-456-0506,Sports,Male,506 Main St,City 7
Manager,User 507,user507@example.com,123-456-0507,Reading,Female,507 Main St,City 8
Admin,User 508,user508@example.com,123-456-0508,Sports,Male,508 Main St,City 9
Manager,User 509,user509@example.com,123-456-0509,Reading,Female,509 Main St,City 10
Editor,User 510,user510@example.com,123-456-0510,Music,Male,510 Main St,City 1
User,User 511,user511@example.com,123-456-0511,Music,Female,511 Main St,City 2
Editor,User 512,user512@example.com,123-456-0512,Music,Male,512 Main St,City 3
Manager,User 513,user513@example.com,123-456-0513,Reading,Female,513 Main St,City 4
User,User 514,user514@example.com,123-456-0514,Sports,Male,514 Main St,City 5
Admin,User 515,user515@example.com,123-456-0515,Reading,Female,515 Main St,City 6
User,User 516,user516@example.com,123-456-0516,Sports,Male,516 Main St,City 7
Manager,User 517,user517@example.com,123-456-0517,Sports,Female,517 Main St,City 8
User,User 518,user518@example.com,123-456-0518,Music,Male,518 Main St,City 9
Admin,User 519,user519@example.com,123-456-0519,Sports,Female,519 Main St,City 10
Editor,User 520,user520@example.com,123-456-0520,Reading,Male,520 Main St,City 1
Admin,User 521,user521@example.com,123-456-0521,Reading,Female,521 Main St,City 2
Manager,User 522,user522@example.com,123-456-0522,Sports,Male,522 Main St,City 3
Editor,User 523,user523@example.com,123-456-0523,Reading,Female,523 Main St,City 4
Admin,User 524,user524@example.com,123-456-0524,Sports,Male,524 Main St,City 5
User,User 525,user525@example.com,123-456-0525,Sports,Female,525 Main St,City 6
Editor,User 526,user526@example.com,123-456-0526,Music,Male,526 Main St,City 7
Manager,User 527,user527@example.com,123-456-0527,Music,Female,527 Main St,City 8
Manager,User 528,user528@example.com,123-456-0528,Sports,Male,528 Main St,City 9
Manager,User 529,user529@example.com,123-456-0529,Music,Female,529 Main St,City 10
Admin,User 530,user530@example.com,123-456-0530,Reading,Male,530 Main St,City 1
Manager,User 531,user531@example.com,123-456-0531,Sports,Female,531 Main St,City 2
Admin,User 532,user532@example.com,123-456-0532,Music,Male,532 Main St,City 3
User,User 533,user533@example.com,123-456-0533,Music,Female,533 Main St,City 4
User,User 534,user534@example.com,123-456-0534,Music,Male,534 Main St,City 5
User,User 535,user535@example.com,123-456-0535,Sports,Female,535 Main St,City 6
Manager,User 536,user536@example.com,123-456-0536,Sports,Male,536 Main St,City 7
Manager,User 537,user537@example.com,123-456-0537,Music,Female,537 Main St,City 8
User,User 538,user538@example.com,123-456-0538,Reading,Male,538 Main St,City 9
Admin,User 539,user539@example.com,123-456-0539,Music,Female,539 Main St,City 10
Admin,User 540,user540@example.com,123-456-0540,Reading,Male,540 Main St,City 1
Editor,User 541,user541@example.com,123-456-0541,Sports,Female,541 Main St,City 2
Editor,User 542,user542@example.com,123-456-0542,Music,Male,542 Main St,City 3
User,User 543,user543@example.com,123-456-0543,Sports,Female,543 Main St,City 4
Manager,User 544,user544@example.com,123-456-0544,Music,Male,544 Main St,City 5
User,User 545,user545@example.com,123-456-0545,Reading,Female,545 Main St,City 6
Editor,User 546,user546@example.com,123-456-0546,Reading,Male,546 Main St,City 7
Manager,User 547,user547@example.com,123-456-0547,Music,Female,547 Main St,City 8
Manager,User 548,user548@example.com,123-456-0548,Music,Male,548 Main St,City 9
Editor,User 549,user549@example.com,123-456-0549,Music,Female,549 Main St,City 10
Editor,User 550,user550@example.com,123-456-0550,Sports,Male,550 Main St,City 1
Manager,User 551,user551@example.com,123-456-0551,Sports,Female,551 Main St,City 2
Admin,User 552,user552@example.com,123-456-0552,Music,Male,552 Main St,City 3
Admin,User 553,user553@example.com,123-456-0553,Reading,Female,553 Main St,City 4
Manager,User 554,user554@example.com,123-456-0554,Sports,Male,554 Main St,City 5
Manager,User 555,user555@example.com,123-456-0555,Reading,Female,555 Main St,City 6
Editor,User 556,user556@example.com,123-456-0556,Music,Male,556 Main St,City 7
Manager,User 557,user557@example.com,123-456-0557,Reading,Female,557 Main St,City 8
Manager,User 558,user558@example.com,123-456-0558,Music,Male,558 Main St,City 9
Editor,User 559,user559@example.com,123-456-0559,Sports,Female,559 Main St,City 10
User,User 560,user560@example.com,123-456-0560,Sports,Male,560 Main St,City 1
Editor,User 561,user561@example.com,123-456-0561,Sports,Female,561 Main St,City 2
Editor,User 562,user562@example.com,123-456-0562,Sports,Male,562 Main St,City 3
User,User 563,user563@example.com,123-456-0563,Reading,Female,563 Main St,City 4
Editor,User 564,user564@example.com,123-456-0564,Reading,Male,564 Main St,City 5
Admin,User 565,user565@example.com,123-456-0565,Sports,Female,565 Main St,City 6
User,User 566,user566@example.com,123-456-0566,Sports,Male,566 Main St,City 7
Editor,User 567,user567@example.com,123-456-0567,Sports,Female,567 Main St,City 8
Manager,User 568,user568@example.com,123-456-0568,Music,Male,568 Main St,City 9
Editor,User 569,user569@example.com,123-456-0569,Sports,Female,569 Main St,City 10
User,User 570,user570@example.com,123-456-0570,Reading,Male,570 Main St,City 1
Editor,User 571,user571@example.com,123-456-0571,Music,Female,571 Main St,City 2
Admin,User 572,user572@example.com,123-456-0572,Reading,Male,572 Main St,City 3
User,User 573,user573@example.com,123-456-0573,Reading,Female,573 Main St,City 4
Editor,User 574,user574@example.com,123-456-0574,Music,Male,574 Main St,City 5
Editor,User 575,user575@example.com,123-456-0575,Reading,Female,575 Main St,City 6
Admin,User 576,user576@example.com,123-456-0576,Sports,Male,576 Main St,City 7
Admin,User 577,user577@example.com,123-456-0577,Sports,Female,577 Main St,City 8
Manager,User 578,user578@example.com,123-456-0578,Reading,Male,578 Main St,City 9
Admin,User 579,user579@example.com,123-456-0579,Reading,Female,579 Main St,City 10
Admin,User 580,user580@example.com,123-456-0580,Sports,Male,580 Main St,City 1
Manager,User 581,user581@example.com,123-456-0581,Sports,Female,581 Main St,City 2
User,User 582,user582@example.com,123-456-0582,Reading,Male,582 Main St,City 3
Manager,User 583,user583@example.com,123-456-0583,Sports,Female,583 Main St,City 4
Manager,User 584,user584@example.com,123-456-0584,Reading,Male,584 Main St,City 5
Manager,User 585,user585@example.com,123-456-0585,Reading,Female,585 Main St,City 6
Admin,User 586,user586@example.com,123-456-0586,Sports,Male,586 Main St,City 7
Admin,User 587,user587@example.com,123-456-0587,Sports,Female,587 Main St,City 8
Manager,User 588,user588@example.com,123-456-0588,Reading,Male,588 Main St,City 9
User,User 589,user589@example.com,123-456-0589,Music,Female,589 Main St,City 10
Admin,User 590,user590@example.com,123-456-0590,Music,Male,590 Main St,City 1
Manager,User 591,user591@example.com,123-456-0591,Sports,Female,591 Main St,City 2
Admin,User 592,user592@example.com,123-456-0592,Reading,Male,592 Main St,City 3
Admin,User 593,user593@example.com,123-456-0593,Sports,Female,593 Main St,City 4
Editor,User 594,user594@example.com,123-456-0594,Music,Male,594 Main St,City 5
Admin,User 595,user595@example.com,123-456-0595,Sports,Female,595 Main St,City 6
Admin,User 596,user596@example.com,123-456-0596,Sports,Male,596 Main St,City 7
Admin,User 597,user597@example.com,123-456-0597,Music,Female,597 Main St,City 8
Manager,User 598,user598@example.com,123-456-0598,Sports,Male,598 Main St,City 9
Editor,User 599,user599@example.com,123-456-0599,Sports,Female,599 Main St,City 10
Admin,User 600,user600@example.com,123-456-0600,Sports,Male,600 Main St,City 1
Admin,User 601,user601@example.com,123-456-0601,Sports,Female,601 Main St,City 2
Admin,User 602,user602@example.com,123-456-0602,Sports,Male,602 Main St,City 3
Manager,User 603,user603@example.com,123-456-0603,Sports,Female,603 Main St,City 4
User,User 604,user604@example.com,123-456-0604,Sports,Male,604 Main St,City 5
Editor,User 605,user605@example.com,123-456-0605,Sports,Female,605 Main St,City 6
User,User 606,user606@example.com,123-456-0606,Sports,Male,606 Main St,City 7
User,User 607,user607@example.com,123-456-0607,Reading,Female,607 Main St,City 8
Admin,User 608,user608@example.com,123-456-0608,Sports,Male,608 Main St,City 9
Editor,User 609,user609@example.com,123-456-0609,Sports,Female,609 Main St,City 10
User,User 610,user610@example.com,123-456-0610,Sports,Male,610 Main St,City 1
User,User 611,user611@example.com,123-456-0611,Reading,Female,611 Main St,City 2
Admin,User 612,user612@example.com,123-456-0612,Sports,Male,612 Main St,City 3
Editor,User 613,user613@example.com,123-456-0613,Reading,Female,613 Main St,City 4
Admin,User 614,user614@example.com,123-456-0614,Sports,Male,614 Main St,City 5
Admin,User 615,user615@example.com,123-456-0615,Sports,Female,615 Main St,City 6
Editor,User 616,user616@example.com,123-456-0616,Reading,Male,616 Main St,City 7
Manager,User 617,user617@example.com,123-456-0617,Sports,Female,617 Main St,City 8
Admin,User 618,user618@example.com,123-456-0618,Music,Male,618 Main St,City 9
Admin,User 619,user619@example.com,123-456-0619,Reading,Female,619 Main St,City 10
User,User 620,user620@example.com,123-456-0620,Sports,Male,620 Main St,City 1
Manager,User 621,user621@example.com,123-456-0621,Reading,Female,621 Main St,City 2
User,User 622,user622@example.com,123-456-0622,Music,Male,622 Main St,City 3
Editor,User 623,user623@example.com,123-456-0623,Sports,Female,623 Main St,City 4
User,User 624,user624@example.com,123-456-0624,Reading,Male,624 Main St,City 5
User,User 625,user625@example.com,123-456-0625,Reading,Female,625 Main St,City 6
User,User 626,user626@example.com,123-456-0626,Reading,Male,626 Main St,City 7
Admin,User 627,user627@example.com,123-456-0627,Music,Female,627 Main St,City 8
Editor,User 628,user628@example.com,123-456-0628,Reading,Male,628 Main St,City 9
Admin,User 629,user629@example.com,123-456-0629,Music,Female,629 Main St,City 10
Editor,User 630,user630@example.com,123-456-0630,Music,Male,630 Main St,City 1
Manager,User 631,user631@example.com,123-456-0631,Reading,Female,631 Main St,City 2
User,User 632,user632@example.com,123-456-0632,Reading,Male,632 Main St,City 3
Manager,User 633,user633@example.com,123-456-0633,Sports,Female,633 Main St,City 4
User,User 634,user634@example.com,123-456-0634,Sports,Male,634 Main St,City 5
Admin,User 635,user635@example.com,123-456-0635,Reading,Female,635 Main St,City 6
Editor,User 636,user636@example.com,123-456-0636,Music,Male,636 Main St,City 7
Editor,User 637,user637@example.com,123-456-0637,Music,Female,637 Main St,City 8
Admin,User 638,user638@example.com,123-456-0638,Music,Male,638 Main St,City 9
User,User 639,user639@example.com,123-456-0639,Sports,Female,639 Main St,City 10
Editor,User 640,user640@example.com,123-456-0640,Sports,Male,640 Main St,City 1
Editor,User 641,user641@example.com,123-456-0641,Music,Female,641 Main St,City 2
Manager,User 642,user642@example.com,123-456-0642,Music,Male,642 Main St,City 3
Admin,User 643,user643@example.com,123-456-0643,Music,Female,643 Main St,City 4
Admin,User 644,user644@example.com,123-456-0644,Music,Male,644 Main St,City 5
User,User 645,user645@example.com,123-456-0645,Reading,Female,645 Main St,City 6
Manager,User 646,user646@example.com,123-456-0646,Reading,Male,646 Main St,City 7
Manager,User 647,user647@example.com,123-456-0647,Reading,Female,647 Main St,City 8
Manager,User 648,user648@example.com,123-456-0648,Music,Male,648 Main St,City 9
Manager,User 649,user649@example.com,123-456-0649,Sports,Female,649 Main St,City 10
Editor,User 650,user650@example.com,123-456-0650,Reading,Male,650 Main St,City 1
Admin,User 651,user651@example.com,123-456-0651,Reading,Female,651 Main St,City 2
Admin,User 652,user652@example.com,123-456-0652,Reading,Male,652 Main St,City 3
Manager,User 653,user653@example.com,123-456-0653,Music,Female,653 Main St,City 4
Manager,User 654,user654@example.com,123-456-0654,Sports,Male,654 Main St,City 5
Editor,User 655,user655@example.com,123-456-0655,Sports,Female,655 Main St,City 6
Editor,User 656,user656@example.com,123-456-0656,Music,Male,656 Main St,City 7
Admin,User 657,user657@example.com,123-456-0657,Sports,Female,657 Main St,City 8
Editor,User 658,user658@example.com,123-456-0658,Sports,Male,658 Main St,City 9
User,User 659,user659@example.com,123-456-0659,Music,Female,659 Main St,City 10
Editor,User 660,user660@example.com,123-456-0660,Sports,Male,660 Main St,City 1
Editor,User 661,user661@example.com,123-456-0661,Sports,Female,661 Main St,City 2
Manager,User 662,user662@example.com,123-456-0662,Sports,Male,662 Main St,City 3
Manager,User 663,user663@example.com,123-456-0663,Sports,Female,663 Main St,City 4
Editor,User 664,user664@example.com,123-456-0664,Music,Male,664 Main St,City 5
User,User 665,user665@example.com,123-456-0665,Reading,Female,665 Main St,City 6
User,User 666,user666@example.com,123-456-0666,Reading,Male,666 Main St,City 7
User,User 667,user667@example.com,123-456-0667,Sports,Female,667 Main St,City 8
User,User 668,user668@example.com,123-456-0668,Sports,Male,668 Main St,City 9
User,User 669,user669@example.com,123-456-0669,Music,Female,669 Main St,City 10
Editor,User 670,user670@example.com,123-456-0670,Music,Male,670 Main St,City 1
User,User 671,user671@example.com,123-456-0671,Sports,Female,671 Main St,City 2
Manager,User 672,user672@example.com,123-456-0672,Reading,Male,672 Main St,City 3
Manager,User 673,user673@example.com,123-456-0673,Music,Female,673 Main St,City 4
Editor,User 674,user674@example.com,123-456-0674,Sports,Male,674 Main St,City 5
Admin,User 675,user675@example.com,123-456-0675,Music,Female,675 Main St,City 6
Editor,User 676,user676@example.com,123-456-0676,Sports,Male,676 Main St,City 7
Admin,User 677,user677@example.com,123-456-0677,Sports,Female,677 Main St,City 8
Manager,User 678,user678@example.com,123-456-0678,Music,Male,678 Main St,City 9
Manager,User 679,user679@example.com,123-456-0679,Music,Female,679 Main St,City 10
Manager,User 680,user680@example.com,123-456-0680,Reading,Male,680 Main St,City 1
User,User 681,user681@example.com,123-456-0681,Sports,Female,681 Main St,City 2
User,User 682,user682@example.com,123-456-0682,Reading,Male,682 Main St,City 3
Admin,User 683,user683@example.com,123-456-0683,Reading,Female,683 Main St,City 4
Admin,User 684,user684@example.com,123-456-0684,Sports,Male,684 Main St,City 5
Editor,User 685,user685@example.com,123-456-0685,Sports,Female,685 Main St,City 6
Manager,User 686,user686@example.com,123-456-0686,Music,Male,686 Main St,City 7
Admin,User 687,user687@example.com,123-456-0687,Sports,Female,687 Main St,City 8
User,User 688,user688@example.com,123-456-0688,Sports,Male,688 Main St,City 9
User,User 689,user689@example.com,123-456-0689,Music,Female,689 Main St,City 10
Admin,User 690,user690@example.com,123-456-0690,Sports,Male,690 Main St,City 1
Manager,User 691,user691@example.com,123-456-0691,Reading,Female,691 Main St,City 2
Editor,User 692,user692@example.com,123-456-0692,Reading,Male,692 Main St,City 3
User,User 693,user693@example.com,123-456-0693,Music,Female,693 Main St,City 4
Admin,User 694,user694@example.com,123-456-0694,Reading,Male,694 Main St,City 5
User,User 695,user695@example.com,123-456-0695,Sports,Female,695 Main St,City 6
Editor,User 696,user696@example.com,123-456-0696,Music,Male,696 Main St,City 7
Editor,User 697,user697@example.com,123-456-0697,Reading,Female,697 Main St,City 8
User,User 698,user698@example.com,123-456-0698,Reading,Male,698 Main St,City 9
Admin,User 699,user699@example.com,123-456-0699,Reading,Female,699 Main St,City 10
Manager,User 700,user700@example.com,123-456-0700,Reading,Male,700 Main St,City 1
Manager,User 701,user701@example.com,123-456-0701,Music,Female,701 Main St,City 2
Manager,User 702,user702@example.com,123-456-0702,Reading,Male,702 Main St,City 3
Manager,User 703,user703@example.com,123-456-0703,Sports,Female,703 Main St,City 4
User,User 704,user704@example.com,123-456-0704,Sports,Male,704 Main St,City 5
Admin,User 705,user705@example.com,123-456-0705,Reading,Female,705 Main St,City 6
Manager,User 706,user706@example.com,123-456-0706,Sports,Male,706 Main St,City 7
User,User 707,user707@example.com,123-456-0707,Reading,Female,707 Main St,City 8
User,User 708,user708@example.com,123-456-0708,Music,Male,708 Main St,City 9
Manager,User 709,user709@example.com,123-456-0709,Sports,Female,709 Main St,City 10
User,User 710,user710@example.com,123-456-0710,Reading,Male,710 Main St,City 1
Editor,User 711,user711@example.com,123-456-0711,Sports,Female,711 Main St,City 2
User,User 712,user712@example.com,123-456-0712,Music,Male,712 Main St,City 3
Manager,User 713,user713@example.com,123-456-0713,Reading,Female,713 Main St,City 4
Admin,User 714,user714@example.com,123-456-0714,Reading,Male,714 Main St,City 5
Admin,User 715,user715@example.com,123-456-0715,Music,Female,715 Main St,City 6
User,User 716,user716@example.com,123-456-0716,Sports,Male,716 Main St,City 7
Admin,User 717,user717@example.com,123-456-0717,Music,Female,717 Main St,City 8
Manager,User 718,user718@example.com,123-456-0718,Reading,Male,718 Main St,City 9
Manager,User 719,user719@example.com,123-456-0719,Sports,Female,719 Main St,City 10
Editor,User 720,user720@example.com,123-456-0720,Reading,Male,720 Main St,City 1
Editor,User 721,user721@example.com,123-456-0721,Sports,Female,721 Main St,City 2
Manager,User 722,user722@example.com,123-456-0722,Reading,Male,722 Main St,City 3
Admin,User 723,user723@example.com,123-456-0723,Reading,Female,723 Main St,City 4
Editor,User 724,user724@example.com,123-456-0724,Reading,Male,724 Main St,City 5
Admin,User 725,user725@example.com,123-456-0725,Sports,Female,725 Main St,City 6
Admin,User 726,user726@example.com,123-456-0726,Reading,Male,726 Main St,City 7
User,User 727,user727@example.com,123-456-0727,Sports,Female,727 Main St,City 8
User,User 728,user728@example.com,123-456-0728,Reading,Male,728 Main St,City 9
Admin,User 729,user729@example.com,123-456-0729,Music,Female,729 Main St,City 10
Editor,User 730,user730@example.com,123-456-0730,Music,Male,730 Main St,City 1
User,User 731,user731@example.com,123-456-0731,Music,Female,731 Main St,City 2
Admin,User 732,user732@example.com,123-456-0732,Music,Male,732 Main St,City 3
User,User 733,user733@example.com,123-456-0733,Music,Female,733 Main St,City 4
User,User 734,user734@example.com,123-456-0734,Reading,Male,734 Main St,City 5
Manager,User 735,user735@example.com,123-456-0735,Music,Female,735 Main St,City 6
User,User 736,user736@example.com,123-456-0736,Reading,Male,736 Main St,City 7
User,User 737,user737@example.com,123-456-0737,Reading,Female,737 Main St,City 8
Manager,User 738,user738@example.com,123-456-0738,Music,Male,738 Main St,City 9
Editor,User 739,user739@example.com,123-456-0739,Music,Female,739 Main St,City 10
Manager,User 740,user740@example.com,123-456-0740,Reading,Male,740 Main St,City 1
Manager,User 741,user741@example.com,123-456-0741,Reading,Female,741 Main St,City 2
Editor,User 742,user742@example.com,123-456-0742,Sports,Male,742 Main St,City 3
Editor,User 743,user743@example.com,123-456-0743,Music,Female,743 Main St,City 4
Admin,User 744,user744@example.com,123-456-0744,Reading,Male,744 Main St,City 5
User,User 745,user745@example.com,123-456-0745,Sports,Female,745 Main St,City 6
Admin,User 746,user746@example.com,123-456-0746,Sports,Male,746 Main St,City 7
User,User 747,user747@example.com,123-456-0747,Sports,Female,747 Main St,City 8
Admin,User 748,user748@example.com,123-456-0748,Reading,Male,748 Main St,City 9
Admin,User 749,user749@example.com,123-456-0749,Sports,Female,749 Main St,City 10
Editor,User 750,user750@example.com,123-456-0750,Sports,Male,750 Main St,City 1
User,User 751,user751@example.com,123-456-0751,Music,Female,751 Main St,City 2
User,User 752,user752@example.com,123-456-0752,Music,Male,752 Main St,City 3
Manager,User 753,user753@example.com,123-456-0753,Sports,Female,753 Main St,City 4
User,User 754,user754@example.com,123-456-0754,Music,Male,754 Main St,City 5
Manager,User 755,user755@example.com,123-456-0755,Music,Female,755 Main St,City 6
User,User 756,user756@example.com,123-456-0756,Reading,Male,756 Main St,City 7
Admin,User 757,user757@example.com,123-456-0757,Reading,Female,757 Main St,City 8
User,User 758,user758@example.com,123-456-0758,Reading,Male,758 Main St,City 9
User,User 759,user759@example.com,123-456-0759,Music,Female,759 Main St,City 10
Editor,User 760,user760@example.com,123-456-0760,Reading,Male,760 Main St,City 1
Admin,User 761,user761@example.com,123-456-0761,Sports,Female,761 Main St,City 2
Editor,User 762,user762@example.com,123-456-0762,Sports,Male,762 Main St,City 3
Admin,User 763,user763@example.com,123-456-0763,Music,Female,763 Main St,City 4
Admin,User 764,user764@example.com,123-456-0764,Sports,Male,764 Main St,City 5
Editor,User 765,user765@example.com,123-456-0765,Music,Female,765 Main St,City 6
Manager,User 766,user766@example.com,123-456-0766,Reading,Male,766 Main St,City 7
Manager,User 767,user767@example.com,123-456-0767,Reading,Female,767 Main St,City 8
Manager,User 768,user768@example.com,123-456-0768,Reading,Male,768 Main St,City 9
User,User 769,user769@example.com,123-456-0769,Sports,Female,769 Main St,City 10
User,User 770,user770@example.com,123-456-0770,Music,Male,770 Main St,City 1
Admin,User 771,user771@example.com,123-456-0771,Sports,Female,771 Main St,City 2
Manager,User 772,user772@example.com,123-456-0772,Music,Male,772 Main St,City 3
Manager,User 773,user773@example.com,123-456-0773,Sports,Female,773 Main St,City 4
Editor,User 774,user774@example.com,123-456-0774,Sports,Male,774 Main St,City 5
Admin,User 775,user775@example.com,123-456-0775,Sports,Female,775 Main St,City 6
User,User 776,user776@example.com,123-456-0776,Sports,Male,776 Main St,City 7
Editor,User 777,user777@example.com,123-456-0777,Reading,Female,777 Main St,City 8
User,User 778,user778@example.com,123-456-0778,Music,Male,778 Main St,City 9
User,User 779,user779@example.com,123-456-0779,Music,Female,779 Main St,City 10
Editor,User 780,user780@example.com,123-456-0780,Sports,Male,780 Main St,City 1
User,User 781,user781@example.com,123-456-0781,Reading,Female,781 Main St,City 2
Editor,User 782,user782@example.com,123-456-0782,Music,Male,782 Main St,City 3
Editor,User 783,user783@example.com,123-456-0783,Reading,Female,783 Main St,City 4
Editor,User 784,user784@example.com,123-456-0784,Music,Male,784 Main St,City 5
Editor,User 785,user785@example.com,123-456-0785,Sports,Female,785 Main St,City 6
Admin,User 786,user786@example.com,123-456-0786,Sports,Male,786 Main St,City 7
Manager,User 787,user787@example.com,123-456-0787,Sports,Female,787 Main St,City 8
Manager,User 788,user788@example.com,123-456-0788,Reading,Male,788 Main St,City 9
User,User 789,user789@example.com,123-456-0789,Sports,Female,789 Main St,City 10
Manager,User 790,user790@example.com,123-456-0790,Music,Male,790 Main St,City 1
Admin,User 791,user791@example.com,123-456-0791,Music,Female,791 Main St,City 2
User,User 792,user792@example.com,123-456-0792,Music,Male,792 Main St,City 3
Editor,User 793,user793@example.com,123-456-0793,Reading,Female,793 Main St,City 4
Editor,User 794,user794@example.com,123-456-0794,Sports,Male,794 Main St,City 5
Manager,User 795,user795@example.com,123-456-0795,Reading,Female,795 Main St,City 6
Editor,User 796,user796@example.com,123-456-0796,Music,Male,796 Main St,City 7
Editor,User 797,user797@example.com,123-456-0797,Music,Female,797 Main St,City 8
Admin,User 798,user798@example.com,123-456-0798,Sports,Male,798 Main St,City 9
Admin,User 799,user799@example.com,123-456-0799,Reading,Female,799 Main St,City 10
Manager,User 800,user800@example.com,123-456-0800,Sports,Male,800 Main St,City 1
User,User 801,user801@example.com,123-456-0801,Sports,Female,801 Main St,City 2
Admin,User 802,user802@example.com,123-456-0802,Sports,Male,802 Main St,City 3
Admin,User 803,user803@example.com,123-456-0803,Music,Female,803 Main St,City 4
User,User 804,user804@example.com,123-456-0804,Sports,Male,804 Main St,City 5
User,User 805,user805@example.com,123-456-0805,Sports,Female,805 Main St,City 6
User,User 806,user806@example.com,123-456-0806,Sports,Male,806 Main St,City 7
User,User 807,user807@example.com,123-456-0807,Reading,Female,807 Main St,City 8
Editor,User 808,user808@example.com,123-456-0808,Music,Male,808 Main St,City 9
Editor,User 809,user809@example.com,123-456-0809,Sports,Female,809 Main St,City 10
User,User 810,user810@example.com,123-456-0810,Music,Male,810 Main St,City 1
Admin,User 811,user811@example.com,123-456-0811,Music,Female,811 Main St,City 2
Manager,User 812,user812@example.com,123-456-0812,Reading,Male,812 Main St,City 3
User,User 813,user813@example.com,123-456-0813,Reading,Female,813 Main St,City 4
Editor,User 814,user814@example.com,123-456-0814,Sports,Male,814 Main St,City 5
User,User 815,user815@example.com,123-456-0815,Reading,Female,815 Main St,City 6
User,User 816,user816@example.com,123-456-0816,Music,Male,816 Main St,City 7
Editor,User 817,user817@example.com,123-456-0817,Sports,Female,817 Main St,City 8
Admin,User 818,user818@example.com,123-456-0818,Music,Male,818 Main St,City 9
Admin,User 819,user819@example.com,123-456-0819,Reading,Female,819 Main St,City 10
Manager,User 820,user820@example.com,123-456-0820,Sports,Male,820 Main St,City 1
Editor,User 821,user821@example.com,123-456-0821,Music,Female,821 Main St,City 2
User,User 822,user822@example.com,123-456-0822,Reading,Male,822 Main St,City 3
Admin,User 823,user823@example.com,123-456-0823,Music,Female,823 Main St,City 4
Editor,User 824,user824@example.com,123-456-0824,Reading,Male,824 Main St,City 5
Editor,User 825,user825@example.com,123-456-0825,Sports,Female,825 Main St,City 6
Manager,User 826,user826@example.com,123-456-0826,Sports,Male,826 Main St,City 7
User,User 827,user827@example.com,123-456-0827,Reading,Female,827 Main St,City 8
User,User 828,user828@example.com,123-456-0828,Sports,Male,828 Main St,City 9
Admin,User 829,user829@example.com,123-456-0829,Reading,Female,829 Main St,City 10
Admin,User 830,user830@example.com,123-456-0830,Sports,Male,830 Main St,City 1
Editor,User 831,user831@example.com,123-456-0831,Reading,Female,831 Main St,City 2
Editor,User 832,user832@example.com,123-456-0832,Reading,Male,832 Main St,City 3
Manager,User 833,user833@example.com,123-456-0833,Sports,Female,833 Main St,City 4
Manager,User 834,user834@example.com,123-456-0834,Reading,Male,834 Main St,City 5
Manager,User 835,user835@example.com,123-456-0835,Sports,Female,835 Main St,City 6
User,User 836,user836@example.com,123-456-0836,Music,Male,836 Main St,City 7
Admin,User 837,user837@example.com,123-456-0837,Sports,Female,837 Main St,City 8
User,User 838,user838@example.com,123-456-0838,Reading,Male,838 Main St,City 9
Admin,User 839,user839@example.com,123-456-0839,Music,Female,839 Main St,City 10
Manager,User 840,user840@example.com,123-456-0840,Music,Male,840 Main St,City 1
Manager,User 841,user841@example.com,123-456-0841,Music,Female,841 Main St,City 2
Editor,User 842,user842@example.com,123-456-0842,Reading,Male,842 Main St,City 3
Editor,User 843,user843@example.com,123-456-0843,Reading,Female,843 Main St,City 4
Admin,User 844,user844@example.com,123-456-0844,Sports,Male,844 Main St,City 5
User,User 845,user845@example.com,123-456-0845,Sports,Female,845 Main St,City 6
Editor,User 846,user846@example.com,123-456-0846,Reading,Male,846 Main St,City 7
User,User 847,user847@example.com,123-456-0847,Music,Female,847 Main St,City 8
Editor,User 848,user848@example.com,123-456-0848,Music,Male,848 Main St,City 9
Admin,User 849,user849@example.com,123-456-0849,Music,Female,849 Main St,City 10
Editor,User 850,user850@example.com,123-456-0850,Reading,Male,850 Main St,City 1
User,User 851,user851@example.com,123-456-0851,Reading,Female,851 Main St,City 2
Admin,User 852,user852@example.com,123-456-0852,Reading,Male,852 Main St,City 3
Editor,User 853,user853@example.com,123-456-0853,Sports,Female,853 Main St,City 4
Manager,User 854,user854@example.com,123-456-0854,Reading,Male,854 Main St,City 5
Admin,User 855,user855@example.com,123-456-0855,Reading,Female,855 Main St,City 6
Admin,User 856,user856@example.com,123-456-0856,Sports,Male,856 Main St,City 7
Manager,User 857,user857@example.com,123-456-0857,Sports,Female,857 Main St,City 8
User,User 858,user858@example.com,123-456-0858,Reading,Male,858 Main St,City 9
Editor,User 859,user859@example.com,123-456-0859,Reading,Female,859 Main St,City 10
User,User 860,user860@example.com,123-456-0860,Sports,Male,860 Main St,City 1
Manager,User 861,user861@example.com,123-456-0861,Reading,Female,861 Main St,City 2
Manager,User 862,user862@example.com,123-456-0862,Reading,Male,862 Main St,City 3
Editor,User 863,user863@example.com,123-456-0863,Music,Female,863 Main St,City 4
Admin,User 864,user864@example.com,123-456-0864,Music,Male,864 Main St,City 5
Editor,User 865,user865@example.com,123-456-0865,Sports,Female,865 Main St,City 6
User,User 866,user866@example.com,123-456-0866,Reading,Male,866 Main St,City 7
User,User 867,user867@example.com,123-456-0867,Sports,Female,867 Main St,City 8
User,User 868,user868@example.com,123-456-0868,Sports,Male,868 Main St,City 9
Editor,User 869,user869@example.com,123-456-0869,Sports,Female,869 Main St,City 10
Admin,User 870,user870@example.com,123-456-0870,Sports,Male,870 Main St,City 1
User,User 871,user871@example.com,123-456-0871,Music,Female,871 Main St,City 2
User,User 872,user872@example.com,123-456-0872,Reading,Male,872 Main St,City 3
Manager,User 873,user873@example.com,123-456-0873,Sports,Female,873 Main St,City 4
Manager,User 874,user874@example.com,123-456-0874,Reading,Male,874 Main St,City 5
Admin,User 875,user875@example.com,123-456-0875,Sports,Female,875 Main St,City 6
Editor,User 876,user876@example.com,123-456-0876,Reading,Male,876 Main St,City 7
Editor,User 877,user877@example.com,123-456-0877,Sports,Female,877 Main St,City 8
User,User 878,user878@example.com,123-456-0878,Reading,Male,878 Main St,City 9
User,User 879,user879@example.com,123-456-0879,Reading,Female,879 Main St,City 10
User,User 880,user880@example.com,123-456-0880,Sports,Male,880 Main St,City 1
Admin,User 881,user881@example.com,123-456-0881,Reading,Female,881 Main St,City 2
Editor,User 882,user882@example.com,123-456-0882,Reading,Male,882 Main St,City 3
Editor,User 883,user883@example.com,123-456-0883,Sports,Female,883 Main St,City 4
User,User 884,user884@example.com,123-456-0884,Music,Male,884 Main St,City 5
Editor,User 885,user885@example.com,123-456-0885,Sports,Female,885 Main St,City 6
Manager,User 886,user886@example.com,123-456-0886,Reading,Male,886 Main St,City 7
User,User 887,user887@example.com,123-456-0887,Music,Female,887 Main St,City 8
Editor,User 888,user888@example.com,123-456-0888,Sports,Male,888 Main St,City 9
User,User 889,user889@example.com,123-456-0889,Reading,Female,889 Main St,City 10
Editor,User 890,user890@example.com,123-456-0890,Reading,Male,890 Main St,City 1
User,User 891,user891@example.com,123-456-0891,Music,Female,891 Main St,City 2
Manager,User 892,user892@example.com,123-456-0892,Sports,Male,892 Main St,City 3
Manager,User 893,user893@example.com,123-456-0893,Sports,Female,893 Main St,City 4
Manager,User 894,user894@example.com,123-456-0894,Music,Male,894 Main St,City 5
Manager,User 895,user895@example.com,123-456-0895,Music,Female,895 Main St,City 6
Manager,User 896,user896@example.com,123-456-0896,Reading,Male,896 Main St,City 7
Editor,User 897,user897@example.com,123-456-0897,Sports,Female,897 Main St,City 8
Admin,User 898,user898@example.com,123-456-0898,Reading,Male,898 Main St,City 9
Manager,User 899,user899@example.com,123-456-0899,Sports,Female,899 Main St,City 10
Editor,User 900,user900@example.com,123-456-0900,Music,Male,900 Main St,City 1
Manager,User 901,user901@example.com,123-456-0901,Music,Female,901 Main St,City 2
Editor,User 902,user902@example.com,123-456-0902,Sports,Male,902 Main St,City 3
Editor,User 903,user903@example.com,123-456-0903,Music,Female,903 Main St,City 4
Manager,User 904,user904@example.com,123-456-0904,Sports,Male,904 Main St,City 5
Editor,User 905,user905@example.com,123-456-0905,Sports,Female,905 Main St,City 6
Manager,User 906,user906@example.com,123-456-0906,Music,Male,906 Main St,City 7
Admin,User 907,user907@example.com,123-456-0907,Sports,Female,907 Main St,City 8
Admin,User 908,user908@example.com,123-456-0908,Reading,Male,908 Main St,City 9
User,User 909,user909@example.com,123-456-0909,Reading,Female,909 Main St,City 10
Editor,User 910,user910@example.com,123-456-0910,Sports,Male,910 Main St,City 1
Editor,User 911,user911@example.com,123-456-0911,Reading,Female,911 Main St,City 2
User,User 912,user912@example.com,123-456-0912,Music,Male,912 Main St,City 3
Admin,User 913,user913@example.com,123-456-0913,Reading,Female,913 Main St,City 4
User,User 914,user914@example.com,123-456-0914,Reading,Male,914 Main St,City 5
Editor,User 915,user915@example.com,123-456-0915,Sports,Female,915 Main St,City 6
User,User 916,user916@example.com,123-456-0916,Reading,Male,916 Main St,City 7
User,User 917,user917@example.com,123-456-0917,Music,Female,917 Main St,City 8
Editor,User 918,user918@example.com,123-456-0918,Music,Male,918 Main St,City 9
User,User 919,user919@example.com,123-456-0919,Music,Female,919 Main St,City 10
Editor,User 920,user920@example.com,123-456-0920,Sports,Male,920 Main St,City 1
User,User 921,user921@example.com,123-456-0921,Reading,Female,921 Main St,City 2
Admin,User 922,user922@example.com,123-456-0922,Reading,Male,922 Main St,City 3
User,User 923,user923@example.com,123-456-0923,Reading,Female,923 Main St,City 4
User,User 924,user924@example.com,123-456-0924,Sports,Male,924 Main St,City 5
Admin,User 925,user925@example.com,123-456-0925,Sports,Female,925 Main St,City 6
User,User 926,user926@example.com,123-456-0926,Music,Male,926 Main St,City 7
Manager,User 927,user927@example.com,123-456-0927,Music,Female,927 Main St,City 8
User,User 928,user928@example.com,123-456-0928,Reading,Male,928 Main St,City 9
Editor,User 929,user929@example.com,123-456-0929,Sports,Female,929 Main St,City 10
Manager,User 930,user930@example.com,123-456-0930,Music,Male,930 Main St,City 1
Admin,User 931,user931@example.com,123-456-0931,Music,Female,931 Main St,City 2
Manager,User 932,user932@example.com,123-456-0932,Music,Male,932 Main St,City 3
Admin,User 933,user933@example.com,123-456-0933,Sports,Female,933 Main St,City 4
Manager,User 934,user934@example.com,123-456-0934,Reading,Male,934 Main St,City 5
Editor,User 935,user935@example.com,123-456-0935,Reading,Female,935 Main St,City 6
Editor,User 936,user936@example.com,123-456-0936,Reading,Male,936 Main St,City 7
Admin,User 937,user937@example.com,123-456-0937,Sports,Female,937 Main St,City 8
Manager,User 938,user938@example.com,123-456-0938,Sports,Male,938 Main St,City 9
User,User 939,user939@example.com,123-456-0939,Music,Female,939 Main St,City 10
Editor,User 940,user940@example.com,123-456-0940,Reading,Male,940 Main St,City 1
User,User 941,user941@example.com,123-456-0941,Music,Female,941 Main St,City 2
User,User 942,user942@example.com,123-456-0942,Music,Male,942 Main St,City 3
Editor,User 943,user943@example.com,123-456-0943,Music,Female,943 Main St,City 4
Admin,User 944,user944@example.com,123-456-0944,Music,Male,944 Main St,City 5
Admin,User 945,user945@example.com,123-456-0945,Sports,Female,945 Main St,City 6
Admin,User 946,user946@example.com,123-456-0946,Music,Male,946 Main St,City 7
Manager,User 947,user947@example.com,123-456-0947,Sports,Female,947 Main St,City 8
Editor,User 948,user948@example.com,123-456-0948,Reading,Male,948 Main St,City 9
Manager,User 949,user949@example.com,123-456-0949,Music,Female,949 Main St,City 10
User,User 950,user950@example.com,123-456-0950,Sports,Male,950 Main St,City 1
Editor,User 951,user951@example.com,123-456-0951,Sports,Female,951 Main St,City 2
Manager,User 952,user952@example.com,123-456-0952,Sports,Male,952 Main St,City 3
Editor,User 953,user953@example.com,123-456-0953,Sports,Female,953 Main St,City 4
Manager,User 954,user954@example.com,123-456-0954,Reading,Male,954 Main St,City 5
Editor,User 955,user955@example.com,123-456-0955,Music,Female,955 Main St,City 6
Manager,User 956,user956@example.com,123-456-0956,Sports,Male,956 Main St,City 7
Editor,User 957,user957@example.com,123-456-0957,Music,Female,957 Main St,City 8
Manager,User 958,user958@example.com,123-456-0958,Reading,Male,958 Main St,City 9
User,User 959,user959@example.com,123-456-0959,Music,Female,959 Main St,City 10
Admin,User 960,user960@example.com,123-456-0960,Music,Male,960 Main St,City 1
User,User 961,user961@example.com,123-456-0961,Reading,Female,961 Main St,City 2
Admin,User 962,user962@example.com,123-456-0962,Reading,Male,962 Main St,City 3
Admin,User 963,user963@example.com,123-456-0963,Music,Female,963 Main St,City 4
Editor,User 964,user964@example.com,123-456-0964,Sports,Male,964 Main St,City 5
User,User 965,user965@example.com,123-456-0965,Music,Female,965 Main St,City 6
User,User 966,user966@example.com,123-456-0966,Reading,Male,966 Main St,City 7
Admin,User 967,user967@example.com,123-456-0967,Music,Female,967 Main St,City 8
User,User 968,user968@example.com,123-456-0968,Sports,Male,968 Main St,City 9
Admin,User 969,user969@example.com,123-456-0969,Music,Female,969 Main St,City 10
User,User 970,user970@example.com,123-456-0970,Reading,Male,970 Main St,City 1
Manager,User 971,user971@example.com,123-456-0971,Music,Female,971 Main St,City 2
Editor,User 972,user972@example.com,123-456-0972,Sports,Male,972 Main St,City 3
Editor,User 973,user973@example.com,123-456-0973,Sports,Female,973 Main St,City 4
Admin,User 974,user974@example.com,123-456-0974,Reading,Male,974 Main St,City 5
User,User 975,user975@example.com,123-456-0975,Reading,Female,975 Main St,City 6
Manager,User 976,user976@example.com,123-456-0976,Music,Male,976 Main St,City 7
Manager,User 977,user977@example.com,123-456-0977,Reading,Female,977 Main St,City 8
Editor,User 978,user978@example.com,123-456-0978,Music,Male,978 Main St,City 9
Admin,User 979,user979@example.com,123-456-0979,Music,Female,979 Main St,City 10
Manager,User 980,user980@example.com,123-456-0980,Reading,Male,980 Main St,City 1
Admin,User 981,user981@example.com,123-456-0981,Reading,Female,981 Main St,City 2
Editor,User 982,user982@example.com,123-456-0982,Sports,Male,982 Main St,City 3
Admin,User 983,user983@example.com,123-456-0983,Sports,Female,983 Main St,City 4
Admin,User 984,user984@example.com,123-456-0984,Music,Male,984 Main St,City 5
Editor,User 985,user985@example.com,123-456-0985,Music,Female,985 Main St,City 6
Manager,User 986,user986@example.com,123-456-0986,Music,Male,986 Main St,City 7
Admin,User 987,user987@example.com,123-456-0987,Reading,Female,987 Main St,City 8
Manager,User 988,user988@example.com,123-456-0988,Sports,Male,988 Main St,City 9
Manager,User 989,user989@example.com,123-456-0989,Music,Female,989 Main St,City 10
Manager,User 990,user990@example.com,123-456-0990,Sports,Male,990 Main St,City 1
Editor,User 991,user991@example.com,123-456-0991,Reading,Female,991 Main St,City 2
Editor,User 992,user992@example.com,123-456-0992,Reading,Male,992 Main St,City 3
Admin,User 993,user993@example.com,123-456-0993,Reading,Female,993 Main St,City 4
Editor,User 994,user994@example.com,123-456-0994,Music,Male,994 Main St,City 5
Manager,User 995,user995@example.com,123-456-0995,Sports,Female,995 Main St,City 6
Manager,User 996,user996@example.com,123-456-0996,Sports,Male,996 Main St,City 7
Editor,User 997,user997@example.com,123-456-0997,Sports,Female,997 Main St,City 8
Manager,User 998,user998@example.com,123-456-0998,Music,Male,998 Main St,City 9
Editor,User 999,user999@example.com,123-456-0999,Reading,Female,999 Main St,City 10
Admin,User 1000,user1000@example.com,123-456-1000,Sports,Male,1000 Main St,City 1